{"cameraMode":{"drawMode":0,"name":"Shaded","section":"Shading Mode"},"sceneLighting":true,"audioPlay":false,"sceneViewState":{"showFog":true,"showMaterialUpdate":false,"showSkybox":true,"showFlares":true,"showImageEffects":true,"showParticleSystems":true},"in2DMode":false,"pivot":{"x":39.94251251220703,"y":11.005270004272461,"z":26.191650390625},"rotation":{"x":-0.010875130072236061,"y":0.9746438264846802,"z":-0.04858681932091713,"w":-0.21815304458141328},"size":10.0,"orthographic":false}